id,x,y,ra,dec,flux,flux_err,mag,mag_err,flag,a,b,NAME,RA,DEC,SPECT_TYPE,MIN_MAG_LIMIT,MIN_MAG,MAX_MAG_LIMIT,MAX_MAG,VARIABILITY_TYPE,PERIOD_LIMIT,PERIOD,PERIOD_FLAG,VARIABLE_STAR_NUMBER,VARIABLE_STAR_CPT,NOTE_FLAG,LII,BII,POSITION_FLAG,MAX_MAG_FLAG,MIN_MAG_FLAG,MIN_MAG_ALT_SYS,SEC_MIN_MAG_LIMIT,SEC_MIN_MAG,SEC_MIN_MAG_FLAG,SEC_MIN_MAG_ALT_SYS,MAG_SYSTEM,EPOCH,EPOCH_PRECISION,EPOCH_FLAG,NOVA_YEAR,NOVA_YEAR_FLAG,PERIOD_PRECISION,PERIOD_NOTE,RISE_ECLIPSE_TIME,RISE_ECLIPSE_TIME_FLAG,ECLIPSE_VAR_NOTE,REF_STAR,REF_CHART,COMMENT_FLAG,ALT_NAME,PM_RA,PM_DEC,COORDINATES_EPOCH,COORDINATES_EPOCH_FLAG,REF_ASTROMETRY_FLAG,REF_ASTROMETRY,NEW_VARIABILITY_TYPE,CLASS,dist
9952.0,674.7666526132157,984.6105978354557,317.45237755176606,46.26839164699765,24143.7084375,3916.99557006866,-10.957009944669178,0.17614625836415695,0.0,0.9556264281272888,0.8392657637596129,V1231 Cyg ,317.44817,46.26897,                 ,>,17.5, ,16.0,M:        , ,0.0, ,311231, , ,88.23737,-1.13231, , , ,  , ,0.0, ,  ,p ,39395.0,0,:,0, ,0,   ,0, , ,03903,03903, ,           ,0.0,0.0,1952.5510000000002, , ,A2.0     ,          ,"                     STAR
",10.676
9732.0,932.5919924605972,964.983694303102,316.87613547100153,46.32264728797847,77879.04000000001,3929.382516693941,-12.228551473540366,0.05478075822093114,0.0,2.1269705295562744,1.5031330585479736,V1551 Cyg ,316.87404,46.32228,                 , ,16.1, ,15.4,LB        , ,0.0, ,311551, , ,88.00769,-0.8045, , , ,  , ,0.0, ,  ,p ,0.0,0, ,0, ,0,   ,0, , ,07010,04341, ,           ,0.0,0.0,1952.5510000000002, , ,A2.0     ,          ,"                     STAR
",5.375
9972.0,1334.2506258457154,980.7280796504132,315.97097982401306,46.328836137714426,206858.61781250004,3956.7589274951424,-13.289184046224262,0.02076779041893909,0.0,2.873002767562866,2.41536808013916,V1898 Cyg ,315.97417,46.330529999999996,                 , ,8.15, ,7.71,EA/DM     , ,0.0, ,311898, , ,87.59694,-0.33810999999999997, , , ,  , ,0.0, ,  ,V ,0.0,0, ,0, ,0,   ,0, , ,68366,BD   , ,           ,0.002,0.001,2000.0, , ,Hip      ,          ,"               ALGOL STAR
",10.004
9176.0,1989.5477033562445,915.2457368715428,314.4974689915807,46.46562437395385,205560.62062500004,3951.099325266957,-13.282349800573385,0.020869034025070586,0.0,3.505085229873657,2.6510367393493652,AZ Cyg    ,314.49767,46.46683,M2-4Iab          , ,12.0, ,10.2,SRC       , ,459.0,:,310079, , ,87.02778,0.51713, , , ,  , ,0.0, ,  ,p ,0.0,0, ,0, ,0,   ,0, , ,00111,01141, ,           ,-0.002,-0.005,2000.0, , ,Tyc2     ,          ,"                 STAR M2I
",4.369
8221.0,876.49720236495,835.1758214609764,317.018305057764,46.52033892998222,72256.77218749997,3928.6670379007055,-12.147196392787054,0.05903247419383869,0.0,1.6422384977340698,1.4630411863327026,V2059 Cyg ,317.01313,46.52069,                 , ,17.5, ,16.6,LB        , ,0.0, ,312059, , ,88.21876,-0.74111, , , ,  , ,0.0, ,  ,B ,0.0,0, ,0, ,0,   ,0, , ,73134,73134, ,           ,0.0,0.0,1983.4489999999998, , ,GSC      ,          ,"                     STAR
",12.882
8059.0,802.8936177780722,819.2695369908607,317.18624245642917,46.53847894974861,86777.14750000004,3933.2777345999866,-12.3460134252294,0.04921228875176199,0.0,3.433361053466797,1.6193346977233893,V1663 Cyg ,317.17908,46.538920000000005,                 , ,16.4, ,15.3,LB        , ,0.0, ,311663, , ,88.30949,-0.8127800000000001, , , ,  , ,0.0, ,  ,p ,0.0,0, ,0, ,0,   ,0, , ,07010,04341, ,           ,0.0,0.0,1952.5510000000002, , ,A2.0     ,          ,"                     STAR
",17.807
7540.0,457.0723003471517,775.3196714580451,317.9714453468985,46.57226877957208,179892.29828125003,3945.096816084651,-13.137531425796425,0.023810549342153663,0.0,1.8951023817062376,1.8164507150650024,V582 Cyg  ,317.96417,46.57158,M4               , ,12.4, ,11.8,LB        , ,0.0, ,310582, , ,88.70144,-1.18553, , , ,  , ,0.0, ,  ,p ,0.0,0, ,0, ,0,   ,0, , ,01262,02344, ,           ,0.0,0.0,1991.25, , ,Tyc2     ,          ,"                  STAR M4
",18.175
8248.0,1679.357140087731,833.2233177302681,315.2046159778415,46.58001078734832,216593.8971875,3941.4850608225706,-13.339115539135857,0.019757772894883462,0.0,3.5624334812164307,2.5136749744415283,V2144 Cyg ,315.20775,46.57858,                 , ,7.27, ,7.12,GCAS:     , ,0.0, ,312144, , ,87.43261,0.22163000000000002, , , ,  , ,0.0, ,  ,Hp,0.0,0, ,0, ,0,   ,0, , ,HIP  ,HIP  , ,           ,0.002,0.0,2000.0, , ,Hip      ,          ,"                  BE STAR
",9.31
6605.0,694.4476170309501,692.7874850444757,317.44784172841605,46.725372293654424,69913.73703125,3917.2907716342997,-12.111406291679055,0.0608341735963449,0.0,1.5727148056030271,1.1981360912322998,V2772 Cyg ,317.44375,46.72436,                 , ,12.81, ,12.15,EA        , ,2.7738400000000003, ,312772, , ,88.56906,-0.8202200000000001, , , ,  , ,12.25, ,  ,w ,51318.7027,4, ,0, ,5,   ,19, , ,81276,GSC  , ,           ,-0.013000000000000001,0.001,2000.0, , ,Tyc2     ,          ,"               ALGOL STAR
",10.735
6661.0,918.200400827617,697.4936734564772,316.94116475440615,46.73880522642405,113676.32359375006,3914.555348132627,-12.639175049069165,0.03738838777181243,0.0,3.0059351921081543,1.7226381301879885,V356 Cyg  ,316.94437,46.737140000000004,                 , ,14.2, ,13.1,DCEP      , ,5.0576099999999995, ,310356, , ,88.34633000000001,-0.55999, , , ,  , ,0.0, ,  ,p ,28408.45,2, ,0, ,5,   ,30, , ,01242,01242, ,           ,0.0,0.0,1983.4489999999998, , ,GSC      ,          ,"                     STAR
",9.923
6547.0,669.0262590032155,680.5525150879506,317.50698497461696,46.74193447451379,188532.78578125,3940.6816720944676,-13.188467211895102,0.022693881836467703,0.0,4.7068681716918945,3.632654428482056,V577 Cyg  ,317.49987000000004,46.739,"C7,4e(N)         ", ,11.0, ,10.3,SRA       , ,479.0, ,310577, , ,88.60598,-0.83844, , , ,  , ,0.0, ,  ,V ,42027.0,0, ,0, ,1,   ,0, , ,00001,03814, ,           ,0.0,0.0,1983.4489999999998, , ,GSC      ,          ,"                     STAR
",20.487
5711.0,1229.3695927593676,607.9035198092772,316.2456118969325,46.90367741522251,16124.84671875,3921.516641456307,-10.518738987412844,0.2640479422504971,0.0,1.1068992614746094,0.5708822011947632,V2769 Cyg ,316.24703999999997,46.90272,                 , ,18.7, ,12.6,M         , ,472.0, ,312769, , ,88.148,-0.09547, , , ,  , ,0.0, ,  ,w ,52810.0,0, ,0, ,0,   ,0, , ,81276,81276, ,           ,0.0,0.0,1999.4370000000001, , ,2MASS    ,          ,"                     STAR
",4.921
5007.0,799.7168926233984,537.4229770462036,317.23015515907963,46.97759949324543,85214.17265625001,3933.0790435301774,-12.326279579479024,0.0501123953988537,0.0,2.4022109508514404,1.3887660503387451,V574 Cyg  ,317.22617,46.977920000000005,                 , ,13.8, ,13.2,L         , ,0.0, ,310574, , ,88.65401,-0.53876, , , ,  , ,0.0, ,  ,p ,0.0,0, ,0, ,0,   ,0, , ,01262,02337, ,           ,0.0,0.0,1952.5510000000002, , ,A2.0     ,          ,"                     STAR
",9.856
4218.0,209.28128539176117,460.4842888972135,318.5812115216568,47.033749489804066,69033.38171875001,3936.5450977625987,-12.097647871425982,0.06191279389610314,0.0,1.6215828657150269,1.2598057985305786,V2812 Cyg ,318.58112,47.03794,                 , ,11.65, ,11.55,EA        , ,3.3339999999999996, ,312812, , ,89.33055,-1.1709399999999999, , , ,  , ,11.63, ,  ,R ,0.0,0, ,0, ,4,   ,0, , ,81284,81284, ,           ,0.0,0.0,1998.7820000000002, , ,2MASS    ,          ,"               ALGOL STAR
",15.088
3583.0,560.6809317561233,398.8412531080213,317.79292656374304,47.169558083747475,171919.03718750007,3944.0861586922138,-13.088309925686614,0.024908452299597383,0.0,1.8472734689712524,1.7632474899291992,V2578 Cyg ,317.786,47.16831,                 , ,10.6, ,10.35,CWB:      , ,1.7659, ,312578, , ,89.05311999999999,-0.6882699999999999, , , ,  , ,0.0, ,  ,w ,51362.7,2, ,0, ,4,   ,0, , ,80135,GSC  , ,           ,-0.002,-0.002,2000.0, , ,Tyc2     ,          ,"                     STAR
",17.538
3331.0,616.7141598106866,380.32446276891284,317.66803135826126,47.204226362560604,158165.97234375,3947.8500348092953,-12.997782638914078,0.02710016351957431,0.0,1.7331547737121582,1.5100682973861694,V2773 Cyg ,317.66157999999996,47.20258,                 , ,10.61, ,10.56,LPB:      , ,1.7698, ,312773, , ,89.02038,-0.6031, , , ,  , ,0.0, ,  ,w ,0.0,0, ,0, ,4,   ,35, , ,81276,81276, ,           ,-0.002,0.001,2000.0, , ,Tyc2     ,          ,"                     STAR
",16.855
2263.0,832.6043199415902,266.65492435710223,317.19071218390684,47.402405304475145,135092.25000000006,3925.6012918405268,-12.826576087603607,0.031550051524025555,0.0,2.7407071590423584,1.7261245250701904,V573 Cyg  ,317.18737000000004,47.40258,C(R)             , ,14.7, ,12.9,SRA       , ,538.0, ,310573, , ,88.94819,-0.23135999999999998, , , ,  , ,0.0, ,  ,V ,42045.0,0, ,0, ,1,   ,0, , ,03814,03814, ,           ,0.0,0.0,1983.4489999999998, , ,GSC      ,          ,"                     STAR
",8.168
2901.0,2242.3390154545855,311.73210870957337,313.95088666557024,47.41699134047565,224593.95906250013,3953.5072045669153,-13.378495176996319,0.01911211648651643,0.0,7.8527159690856925,6.16396951675415,V2140 Cyg ,313.9575,47.41767,                 , ,5.84, ,5.65,ACYG:     , ,0.0, ,312140, , ,87.51083,1.41535, , , ,  , ,0.0, ,  ,V ,0.0,0, ,0, ,0,   ,0, , ,HIP  ,HIP  , ,           ,-0.003,-0.004,2000.0, , ,Hip      ,          ,"                     STAR
",16.294
2207.0,1808.1108941951886,232.64826731247726,314.95448813051985,47.524317171143544,238747.21765625,3955.296761958103,-13.444845797617695,0.017987262583322037,0.0,7.877446174621582,7.048876762390138,V832 Cyg  ,314.9565,47.52094,B1.5Venn         , ,4.88, ,4.49,GCAS      , ,0.0, ,310832, ,Y,88.02955,0.97067, , , ,  , ,0.0, ,  ,V ,0.0,0, ,0, ,0,   ,0, , ,02602,BD   , ,           ,0.006999999999999999,0.002,2000.0, , ,Hip      ,          ,"                 STAR B1V
",13.105
1982.0,2335.147226292848,238.7038673172253,313.7400854892159,47.533275435448466,179376.0528125,3947.7843545858095,-13.134411157729213,0.02389534352632843,0.0,2.1191835403442383,1.9620015621185305,V520 Cyg  ,313.73971,47.533809999999995,G0               , ,11.11, ,10.53,DCEP      , ,4.049068, ,310520, ,Y,87.50435,1.60274, , , ,  , ,0.0, ,  ,V ,43670.71400000001,3, ,0, ,6,   ,23, , ,00001,08637, ,           ,-0.001,-0.002,2000.0, , ,Hip      ,          ,"                  STAR G0
",2.13
1503.0,1888.6154193298307,185.68004563194816,314.77218589510517,47.60126087316683,172275.88109375007,3938.618429867731,-13.090561199407976,0.024822398811055347,0.0,1.849671483039856,1.692803144454956,V1541 Cyg ,314.77362,47.60067,"C5,4(N)          ", ,12.0, ,11.4,SRA       , ,400.0, ,311541, , ,88.00878,1.11611, , , ,  , ,0.0, ,  ,V ,41550.0,0, ,0, ,0,   ,0, , ,03814,03814, ,           ,0.0,0.0,1983.4489999999998, , ,GSC      ,          ,"                     STAR
",4.08
1068.0,1771.1787942926596,133.60772662615074,315.0466766712872,47.676991445180356,163262.64171875006,3937.474050291475,-13.032217048621687,0.026185158384620905,0.0,1.8085892200469968,1.7126166820526123,V3094 Cyg ,315.04783,47.67631,"C6,4             ",>,12.31, ,11.75,SR        , ,372.0, ,313094, , ,88.18715,1.02636, , , ,  , ,0.0, ,  ,V ,58326.0,0, ,0, ,0,   ,0, , ,82001,GSC  , ,           ,-0.005,-0.004,2000.0, , ,Gaia DR2 ,          ,"                     STAR
",3.719
729.0,1859.7514815083584,92.0468117030068,314.8450021409534,47.7459984976921,164061.4125,3940.3336578264543,-13.037516115811286,0.0260765944041181,0.0,1.862390160560608,1.828884482383728,V1542 Cyg ,314.84692,47.74525,                 , ,15.1, ,13.9,IS:       , ,0.0, ,311542, , ,88.15035999999999,1.17359, , , ,  , ,0.0, ,  ,p ,0.0,0, ,0, ,0,   ,0, , ,07757,03903, ,           ,0.0,0.0,1983.4489999999998, , ,GSC      ,          ,"                     STAR
",5.368
18410.0,1821.5282811528045,1775.4004484926475,314.8209435688545,45.11185744257911,52837.24078125,3917.8845262183586,-11.807350325499414,0.08050740374176459,0.0,1.264250874519348,0.9996832013130188,V2713 Cyg ,314.82254,45.11186,                 , ,12.54, ,12.33,EW        , ,0.69316, ,312713, , ,86.15104000000001,-0.54052, , , ,  , ,12.53, ,  ,w ,52859.4347,4, ,0, ,5,   ,0, , ,81044,81044, ,           ,-0.006999999999999999,-0.003,2000.0, , ,UCAC2    ,          ,"               W UMA STAR
",4.056
17666.0,1246.5425044911474,1679.226671489695,316.09871514265444,45.23028482410679,74163.58875000001,3928.9097102440523,-12.175476842505741,0.057518245671973875,0.0,1.4700511693954468,1.2381219863891602,V524 Cyg  ,316.09975,45.231390000000005,                 , ,15.3, ,13.6,SR        , ,670.0, ,310524, , ,86.83646999999999,-1.13659, , , ,  , ,0.0, ,  ,p ,28550.0,0, ,0, ,0,   ,31, , ,00612,02285, ,           ,0.0,0.0,1983.674, , ,GSC      ,          ,"                     STAR
",4.766
17626.0,2369.51644181243,1692.1503654135863,313.6126508219036,45.25942915473794,151954.40453125007,3944.309782716268,-12.954283232509036,0.02818266405036001,0.0,3.4754388332366943,2.5638396739959717,V3087 Cyg ,313.61537000000004,45.25772,M4               , ,10.77, ,10.27,SRB       , ,175.0,:,313087, , ,85.70889,0.20089, , , ,  , ,0.0, ,  ,V ,0.0,0, ,0, ,0,   ,0, , ,82001,GSC  , ,           ,-0.003,-0.005,2000.0, , ,Gaia EDR3,          ,"                  STAR M4
",9.238
17236.0,1528.8916768555011,1653.8072857701584,315.47673886006197,45.287785211816036,163050.72093750007,3931.9248010278,-13.030806808506362,0.026182240019034783,0.0,2.68331265449524,2.005200386047364,V2742 Cyg ,315.47929,45.28911,                 , ,10.1, ,9.25,SR        , ,294.0, ,312742, , ,86.58926,-0.77194, , , ,  , ,0.0, ,  ,w ,52835.0,0, ,0, ,0,   ,0, , ,81276,81276, ,           ,-0.005,-0.003,2000.0, , ,UCAC2    ,          ,"                     STAR
",8.031
15492.0,624.2026291313957,1473.3908508576294,317.4986870176299,45.50046983472094,233244.41234375013,3943.5967085699513,-13.419528121214151,0.01835716311672716,0.0,5.834351539611816,4.35148286819458,V2148 Cyg ,317.49429,45.502559999999995,                 , ,6.69, ,6.52,EA        , ,0.0, ,312148, , ,87.6975,-1.6774200000000001, , , ,  , ,0.0, ,  ,Hp,0.0,0, ,0, ,0,   ,0, , ,HIP  ,HIP  , ,           ,0.008,0.0,2000.0, , ,Hip      ,          ,"               ALGOL STAR
",13.406
15412.0,1765.1429926191067,1473.0128770948995,314.9659756441234,45.58310751524024,49381.42484375001,3917.4434705358226,-11.733909042100894,0.08613178375294292,0.0,2.0663621425628658,1.2324321269989014,V352 Cyg  ,314.96654,45.58128,                 , ,0.0, ,14.3,CST:      , ,0.0, ,310352, , ,86.57164,-0.30879, , , ,  , ,0.0, ,  ,p ,0.0,0, ,0, ,0,   ,0, , ,01242,01242, ,           ,0.0,0.0,1983.5610000000001, , ,GSC      ,          ,"                     STAR
",6.731
14474.0,838.7348305946092,1386.5646978073685,317.0343669145057,45.656004281729075,43466.48937500001,3927.7682059122335,-11.595386413185064,0.09811052620940576,0.0,2.0186755657196045,1.0369635820388794,V458 Cyg  ,317.0305,45.658390000000004,                 , ,15.3, ,14.1,EA/SD:    , ,3.533735, ,310458, ,Y,87.59168000000001,-1.33323, , , ,  , ,14.2, ,  ,p ,27951.487999999998,3, ,0, ,6,   ,18, ,0,02700,01287, ,           ,0.0,0.0,1983.5610000000001, , ,GSC      ,          ,"               ALGOL STAR
",12.978
14092.0,1350.7849436609513,1349.8966769587928,315.89893917888236,45.752665877840435,53697.1321875,3920.766215892948,-11.824877729686413,0.07927644657303426,0.0,1.986487865447998,1.1648550033569336,V2762 Cyg ,315.89878999999996,45.751529999999995,B0Ve             , ,14.6, ,13.27,XN        , ,0.0, ,312762, ,Y,87.13025999999999,-0.68482, , , ,  , ,0.0, ,  ,R ,0.0,0, ,0, ,0,   ,0, , ,81277,GSC  , ,           ,0.0,0.0,1999.4370000000001, , ,2MASS    ,          ,"                 STAR B0V
",4.106
13787.0,816.623287375695,1321.8451287379894,317.0915599341365,45.75516038270073,48484.7528125,3920.1014451557894,-11.714012964522496,0.08778421706695805,0.0,1.7442398071289062,0.9016364216804504,V358 Cyg  ,317.09204,45.75622,                 , ,0.0, ,14.2,CST:      , ,0.0, ,310358, , ,87.69282,-1.29867, , , ,  , ,0.0, ,  ,p ,0.0,0, ,0, ,0,   ,0, , ,01242,01242, ,           ,0.0,0.0,1952.5510000000002, , ,A2.0     ,          ,"                     STAR
",4.001
13980.0,1512.4375663246258,1340.2040533644515,315.5392574066013,45.77782079634793,45929.43953125001,3914.228237089817,-11.655227864580596,0.09252930917660032,0.0,1.3989803791046145,1.0267500877380369,V407 Cyg  ,315.54104,45.77583,Mep              ,>,17.0, ,13.3,M+NB:     , ,745.0, ,310407, ,Y,86.98267,-0.48208999999999996, , , ,  , ,0.0, ,  ,p ,29710.0,0, ,0, ,0,   ,0, , ,03750,03750, ,           ,0.0,0.0,1993.486, , ,GCVS     ,          ,"                 STAR M0e
",8.45
13821.0,1096.661040570796,1323.0672809865139,316.46800008918916,45.77654358189615,77514.88890625001,3934.86215087724,-12.223462822355506,0.055114860618672636,0.0,1.8804335594177248,1.2254528999328609,VV Cyg    ,316.46854,45.77839,                 , ,14.3, ,13.0,EA/SD     , ,1.4770469, ,310040, ,Y,87.41596,-0.96246, , , ,  , ,13.2, ,  ,p ,20270.452,3, ,0, ,7,   ,18, ,0,02700,01141, ,           ,0.0,-0.001,2000.0, , ,Tyc2     ,          ,"               ALGOL STAR
",6.784
13207.0,998.415066328999,1262.3008026854436,316.69379401269924,45.86374498878918,93470.38812500004,3925.835067297785,-12.426685115127952,0.045601835532918106,0.0,2.8819141387939453,1.438561201095581,V2770 Cyg ,316.68637,45.86458,                 , ,12.65, ,12.53,RRC       , ,0.363727, ,312770, , ,87.58184,-1.01692, , , ,  , ,0.0, ,  ,w ,0.0,0, ,0, ,6,   ,41, , ,81276,81276, ,           ,0.0,0.0,1999.4370000000001, , ,2MASS    ,          ,"                     STAR
",18.852
13343.0,1459.0209182289327,1270.9536708500868,315.6644782186993,45.883004925403654,207630.83796875004,3937.5897142755684,-13.293229641787931,0.020590311892473543,0.0,2.925194263458252,2.6284003257751465,V2436 Cyg ,315.66983,45.88478,K2V              ,(,0.03, ,7.69,BY        , ,10.526, ,312436, , ,87.12373000000001,-0.47703, , , ,  , ,0.0, ,  ,V ,0.0,0, ,0, ,3,   ,0, , ,78018,DM   , ,           ,0.402,0.142,2000.0, , ,Hip      ,          ,"                 STAR K2V
",14.856
12415.0,607.2367789753254,1193.351048255334,317.57471395016546,45.93603067687982,66825.39359375,3927.9757275336815,-12.062353813449487,0.0638192344173988,0.0,2.7392938137054443,1.313971757888794,V526 Cyg  ,317.57275,45.93608,                 , ,13.8, ,13.0,EA/SD:    , ,1.2334603000000002, ,310526, ,Y,88.05237,-1.42226, , , ,  , ,13.1, ,  ,p ,33762.414,3, ,0, ,7,   ,18, ,0,02700,02700, ,           ,0.0,0.0,1952.5510000000002, , ,A2.0     ,          ,"               ALGOL STAR
",4.92
12386.0,1130.0980161370321,1180.6218029177596,316.4087469087998,46.00177454696593,175283.60437500002,3939.000236021192,-13.109353237717755,0.02439883172215846,0.0,5.510349750518799,2.946143627166748,V408 Cyg  ,316.40825,46.00247,M6III            , ,12.5, ,11.4,LB        , ,0.0, ,310408, , ,87.55399,-0.78101, , , ,  , ,0.0, ,  ,p ,0.0,0, ,0, ,0,   ,0, , ,00612,00319, ,           ,-0.004,-0.003,2000.0, , ,Tyc2     ,          ,"               STAR M6III
",2.795
12412.0,1918.731988480784,1187.243553524229,314.6411067894456,46.03722819680078,58109.97593750001,3932.395609986043,-11.910626739009375,0.07347351666064825,0.0,3.2013127803802486,1.209545016288757,V350 Cyg  ,314.64587,46.04014,                 , ,0.0, ,13.7,CST:      , ,0.0, ,310350, , ,86.77166,0.16079000000000002, , , ,  , ,0.0, ,  ,p ,0.0,0, ,0, ,0,   ,0, , ,01243,01242, ,           ,0.0,0.0,1983.4489999999998, , ,GSC      ,          ,"                     STAR
",15.861
12131.0,2142.613872251929,1168.9302167367512,314.1394563392435,46.07375114391405,49015.73609375,3920.1691702774456,-11.72583882259933,0.0868347583071302,0.0,1.214938759803772,0.9597688913345336,V2564 Cyg ,314.14075,46.07411,Me               , ,12.6, ,12.0,SR        , ,51.8, ,312564, , ,86.56903,0.44883, , , ,  , ,0.0, ,  ,w ,0.0,0, ,0, ,1,   ,0, , ,80001,GSC  , ,           ,0.0,0.0,2000.441, , ,2MASS    ,          ,"                 STAR M0e
",3.48
11471.0,1497.3733183611166,1113.410050323038,315.59220622671336,46.13175442119856,86371.01609375,3930.4629420201577,-12.340920071985938,0.049408309761916056,0.0,1.4874260425567627,1.2421460151672363,V2053 Cyg ,315.59542000000005,46.13219,                 , ,17.2, ,16.0,LB        , ,0.0, ,312053, , ,87.2746,-0.27423000000000003, , , ,  , ,0.0, ,  ,B ,0.0,0, ,0, ,0,   ,0, , ,73134,73134, ,           ,0.0,0.0,1983.4489999999998, , ,GSC      ,          ,"                     STAR
",8.17
11372.0,1395.7805502212664,1099.6805467786487,315.8214781100108,46.1469374259037,50583.76171875001,3928.6741213440887,-11.760027807526322,0.0843255539980631,0.0,2.6518595218658447,1.4894323348999023,V355 Cyg  ,315.824,46.148140000000005,                 , ,15.7, ,14.2,EA/DS     , ,8.43111, ,310355, ,Y,87.3917,-0.38206999999999997, , , ,  , ,14.3, ,  ,p ,28451.19,2, ,0, ,5,   ,6, ,0,02700,01242, ,           ,0.0,0.0,1952.5510000000002, , ,A2.0     ,          ,"               ALGOL STAR
",7.636
11517.0,1631.8717951956353,1101.695067501812,315.29110173586776,46.157678298659604,212632.31015625,3949.244092248066,-13.319073144075933,0.02016550207835309,0.0,6.780801296234131,4.6427435874938965,V1931 Cyg ,315.29554,46.15578,                 , ,5.48, ,5.33,E+BE      , ,0.0, ,311931, , ,87.15484000000001,-0.10282999999999999, , , ,  , ,0.0, ,  ,V ,0.0,0, ,0, ,0,   ,0, , ,69117,BD   , ,           ,0.006,0.003,2000.0, , ,Hip      ,          ,"                  BE STAR
",13.007
10793.0,724.3080325221609,1048.669035548703,317.33277506820235,46.173202605767315,58641.20875000001,3932.463155103936,-11.920507284200545,0.07280916803021606,0.0,1.443539023399353,1.0735599994659424,V575 Cyg  ,317.33008,46.17419,S                , ,15.8, ,13.8,SRB       , ,144.0, ,310575, , ,88.1123,-1.13683, , , ,  , ,0.0, ,  ,p ,28055.0,0, ,0, ,0,   ,0, , ,01262,02337, ,           ,0.0,0.0,1952.5510000000002, , ,A2.0     ,          ,"                     STAR
",7.601
10037.0,1067.3214536680644,986.4682430132248,316.57083559262975,46.30024266946414,145769.34828125,3943.5256567925676,-12.90916553026017,0.029372626210218224,0.0,2.2565035820007324,1.6159368753433228,V1225 Cyg ,316.56754,46.30042,M:e              ,>,17.5, ,11.9,M         , ,379.5, ,311225, ,Y,87.84891,-0.66275, , , ,  , ,0.0, ,  ,B ,41676.0,0, ,0, ,1,   ,0, , ,08845,08845, ,           ,0.0,0.0,1990.6970000000001, , ,GCVS     ,          ,"                 STAR M0e
",8.221
11141.0,4503.2454153849985,1506.4067709275125,308.87065537479805,45.48928790576045,135233.7040625,3925.619308664877,-12.82771235889888,0.03151719491130118,0.0,2.7008001804351807,1.9921895265579224,V2035 Cyg ,308.86687,45.4885,                 , ,12.6, ,11.7,SRB       , ,0.0, ,312035, , ,83.81522,2.95674, , , ,  , ,0.0, ,  ,V ,0.0,0, ,0, ,0,   ,0, , ,73134,73134, ,           ,0.0,0.0,1983.56, , ,GSC      ,          ,"                     STAR
",9.966
10141.0,3618.572554495274,1370.5945541819729,310.8310355005082,45.752316456685975,63635.66921875001,3924.802533149757,-12.009251539221456,0.06696401969340073,0.0,3.0550327301025386,1.432949781417847,V511 Cyg  ,310.82507999999996,45.755,                 , ,16.9, ,14.7,EA/SD     , ,4.015569999999999, ,310511, , ,84.86064,2.03165, , , ,  , ,0.0, ,  ,p ,28460.3,2, ,0, ,5,   ,9, , ,00612,02372, ,           ,0.0,0.0,1954.489, , ,A2.0     ,          ,"               ALGOL STAR
",17.808
9942.0,3024.251833476968,1355.9512539243292,312.15921400941465,45.78938591545083,26996.589531250003,3925.671048308971,-11.0782722584242,0.15788080120957773,0.0,1.7872602939605713,1.4468345642089844,V2041 Cyg ,312.1545,45.78764,                 ,>,18.0, ,14.5,UVN       , ,0.0, ,312041, , ,85.46494,1.32733, , , ,  , ,0.0, ,  ,U ,0.0,0, ,0, ,0,   ,0, , ,73136,73136, ,           ,0.0,0.0,1952.5510000000002, , ,A2.0     ,          ,"             UV CETI TYPE
",13.399
8538.0,3221.66111646663,1186.13030798185,311.7145605857832,46.05251906052313,209992.74765625005,3951.6601581052296,-13.305510740319805,0.020431469898086186,0.0,3.0777602195739746,2.740842342376709,CY Cyg    ,311.70932999999997,46.05192,CS(M2p)          , ,11.7, ,11.0,LB        , ,0.0, ,310125, ,Y,85.47608000000001,1.7343, , , ,  , ,0.0, ,  ,p ,0.0,0, ,0, ,0,   ,0, , ,00104,BD   , ,           ,-0.004,-0.006,2000.0, , ,Tyc2     ,          ,"                  STAR M2
",13.245
8369.0,2986.9657418250176,1147.6661358591894,312.2416772839837,46.11605978228773,217646.30343750003,3952.6284369944897,-13.344378238458688,0.019717825344246282,0.0,11.3870210647583,9.909287452697754,V1661 Cyg ,312.23454,46.11414,B3eaIa           , ,4.87, ,4.81,ACYG      , ,0.0, ,311661, ,Y,85.75352,1.49004, , , ,  , ,0.0, ,  ,V ,0.0,0, ,0, ,0,   ,0, , ,08213,BD   , ,           ,-0.003,-0.003,2000.0, , ,Hip      ,          ,"                 STAR B3I
",19.105
8236.0,2710.9173000500136,1144.6053467782453,312.8626205567808,46.12150084664042,96276.9175,3926.192494644144,-12.458805442526096,0.04427654570769556,0.0,1.7008126974105835,1.3779021501541138,V347 Cyg  ,312.86104,46.12122,                 , ,14.7, ,13.7,DCEP      , ,8.7362, ,310347, , ,86.03439,1.15867, , , ,  , ,0.0, ,  ,p ,27951.8,1, ,0, ,4,   ,43, , ,00612,00799, ,           ,0.0,0.0,1983.4489999999998, , ,GSC      ,          ,"                     STAR
",4.071
7817.0,3347.657480236767,1091.4523293196255,311.42903697912965,46.19797627766124,204229.94953125,3950.930929164828,-13.27529857506288,0.021004112090996483,0.0,3.2236790657043457,2.93632435798645,V2132 Cyg ,311.42508,46.19692,                 , ,8.74, ,8.51,LB        , ,0.0, ,312132, , ,85.46628,1.9787299999999999, , , ,  , ,0.0, ,  ,Hp,0.0,0, ,0, ,0,   ,0, , ,HIP  ,HIP  , ,           ,-0.004,-0.009000000000000001,2000.0, , ,Hip      ,          ,"                     STAR
",10.568
7354.0,2709.1704602669433,1027.8992288457052,312.86798911459283,46.30425347147837,93413.8971875,3931.358775243936,-12.42602872759007,0.045693613955623394,0.0,2.235224723815918,1.4320845603942869,V1533 Cyg ,312.86621,46.30372,                 , ,15.0, ,14.0,RR:       , ,0.0, ,311533, , ,86.17739,1.27216, , , ,  , ,0.0, ,  ,p ,0.0,0, ,0, ,0,   ,0, , ,03910,03910, ,           ,0.0,0.0,1983.4489999999998, , ,GSC      ,          ,"                     STAR
",4.823
7015.0,3758.2499047033934,988.0800437665221,310.49951517667733,46.34550396713188,42473.93203125001,3930.407000493874,-11.570306169337346,0.10047068815600337,0.0,1.736416220664978,0.987701416015625,V1832 Cyg ,310.49367,46.343,                 ,(,1.6, ,13.2,SRA       , ,0.0, ,311832, , ,85.18254,2.57497, , , ,  , ,0.0, ,  ,R ,0.0,0, ,0, ,0,   ,0, , ,68098,68104, ,           ,0.0,0.0,1989.521, , ,GCVS     ,          ,"                     STAR
",17.096
6561.0,4986.5983627921005,918.7398452587707,307.72676100932966,46.364709415854136,87767.84781250003,3914.021431381349,-12.358338622483275,0.04841858243269733,0.0,1.9597675800323489,1.705146551132202,V2032 Cyg ,307.72900000000004,46.36197,                 , ,14.3, ,13.0,SRB       , ,0.0, ,312032, , ,84.0497,4.1119900000000005, , , ,  , ,0.0, ,  ,V ,0.0,0, ,0, ,0,   ,0, , ,73134,73134, ,           ,0.0,0.0,1983.4489999999998, , ,GSC      ,          ,"                     STAR
",11.322
6768.0,2599.555676578902,957.1192198129352,313.1166775125083,46.41433222179899,44784.48953125001,3927.935982107048,-11.627819070858465,0.09522721706518393,0.0,1.229333996772766,0.9809670448303224,V2044 Cyg ,313.11617,46.414359999999995,                 , ,14.7, ,12.0,M:        , ,0.0, ,312044, , ,86.3727,1.20995, , , ,  , ,0.0, ,  ,V ,0.0,0, ,0, ,0,   ,0, , ,73139,73139, ,           ,0.0,0.0,1983.4489999999998, , ,GSC      ,          ,"                     STAR
",1.264
6227.0,2664.939645261816,877.3565601934229,312.970065728489,46.53967713510643,51595.51171875002,3931.5672154013537,-11.781529810242475,0.08273287200774307,0.0,3.5138514041900635,1.9022358655929563,V519 Cyg  ,312.96454,46.54094,A5               , ,13.7, ,13.0,EA/DM     , ,2.3450990000000003, ,310519, ,Y,86.40344,1.37114, , , ,  , ,13.4, ,  ,p ,29102.56,2, ,0, ,6,   ,6, , ,03883,02373, ,           ,0.0,0.0,1983.4489999999998, , ,GSC      ,          ,"                  STAR A5
",14.419
5618.0,4711.110828456323,802.0092614263863,308.3333811693127,46.572961604538925,203587.78703125005,3937.076289206401,-13.271879304200807,0.020996476902762524,0.0,2.4422760009765625,2.4121363162994385,TV Cyg    ,308.33162000000004,46.56917,M0               , ,11.4, ,10.9,LB:       , ,0.0, ,310029, ,Y,84.46288,3.89906, , , ,  , ,0.0, ,  ,p ,0.0,0, ,0, ,0,   ,0, , ,00349,08953, ,           ,0.001,-0.008,2000.0, , ,Tyc2     ,          ,"                  STAR M0
",14.329
5941.0,3220.863679750013,846.1663764852698,311.7099239276592,46.58475999985864,121622.11859375,3937.7047513232574,-12.712531410813675,0.03515239383750934,0.0,2.5721418857574463,1.7145802974700928,V515 Cyg  ,311.70513,46.582190000000004,M6               , ,15.1, ,13.2,SRB       , ,187.6, ,310515, , ,85.88809,2.06842, , , ,  , ,0.0, ,  ,p ,28098.0,0, ,0, ,1,   ,0, , ,00612,02285, ,           ,0.0,0.0,1983.4489999999998, , ,GSC      ,          ,"                  STAR M6
",15.043
5910.0,3178.2454448553385,842.5133830357381,311.8064907454804,46.591270537080796,35337.56953125002,3929.49905548166,-11.370591690072803,0.120732677648541,0.0,2.1118288040161133,1.0731787681579592,V3067 Cyg ,311.80704,46.588190000000004,K/Me             , ,16.5, ,15.4,SRB:      , ,305.0, ,313067, , ,85.93666,2.01757, , , ,  , ,0.0, ,  ,V ,0.0,0, ,0, ,0,   ,0, , ,82001,2MASS, ,           ,-0.002,-0.002,2000.0, , ,Gaia DR2 ,          ,"                  STAR K0
",11.173
5913.0,2626.204616564043,844.0404799986577,313.05840935156465,46.59153682050263,96739.56140625,3920.713304222365,-12.464010285177164,0.04400330455287835,0.0,1.6078492403030396,1.4741946458816528,V2560 Cyg ,313.05733,46.59094,                 , ,12.3, ,12.0,EB        , ,0.733803, ,312560, , ,86.48267,1.35395, , , ,  , ,12.2, ,  ,w ,53601.5305,4, ,0, ,6,   ,0, , ,80087,80087, ,           ,0.0,0.0,2000.4470000000001, , ,2MASS    ,          ,"            BETA LYR STAR
",3.427
5426.0,4756.6103523478105,778.6667435079677,308.2280178024184,46.605303475330324,203073.30406250007,3937.0109504626093,-13.269132087434015,0.02104932180613404,0.0,2.748157024383545,2.2693755626678467,SZ Cyg    ,308.22621000000004,46.601279999999996,F9-G5Ib          , ,9.84, ,8.92,DCEP      , ,15.10965, ,310026, ,Y,84.4458,3.97646, , , ,  , ,0.0, ,  ,V ,43306.79,2, ,0, ,5,   ,42, , ,00001,00097, ,           ,-0.002,-0.006,2000.0, , ,Hip      ,          ,"                 STAR F9I
",15.159
5657.0,2879.6480066079325,798.7869739958627,312.48373389596355,46.662888126758354,213732.83703125003,3935.604920406933,-13.32467812625624,0.01999238305663476,0.0,5.474818706512451,5.092289924621582,V2136 Cyg ,312.47771,46.66133,                 , ,6.38, ,6.3,E:        , ,0.0, ,312136, , ,86.28378000000001,1.7059099999999998, , , ,  , ,0.0, ,  ,Hp,0.0,0, ,0, ,0,   ,0, , ,HIP  ,HIP  , ,           ,0.005,0.004,2000.0, , ,Hip      ,          ,"                     STAR
",15.905
5075.0,4642.664751339692,725.9537191500722,308.47982580786424,46.69763470827375,224271.37687500007,3953.466407391747,-13.376934623341427,0.01913940901692817,0.0,4.475091457366943,4.063658714294434,V2015 Cyg ,308.4785,46.69386,                 ,(,0.02, ,5.62,ACV       , ,0.0, ,312015, , ,84.62347,3.89189, , , ,b , ,0.0, ,  ,B ,0.0,0, ,0, ,0,   ,0, , ,72045,BD   , ,           ,0.01,0.002,2000.0, , ,Hip      ,          ,"                     STAR
",13.978
5061.0,2619.1729901776253,731.9704927581233,313.07637039738535,46.76681171081952,201799.39312500003,3939.6078460457206,-13.262299639602823,0.021196173114115896,0.0,2.440078020095825,2.289212226867676,V1395 Cyg ,313.07563,46.76647,MA               , ,9.48, ,9.05,SRB:      , ,0.0, ,311395, , ,86.62578,1.45642, , , ,  , ,0.0, ,  ,V ,0.0,0, ,0, ,0,   ,0, , ,05128,BD   , ,           ,0.027000000000000003,-0.003,2000.0, , ,Tyc2     ,          ,"                  STAR A0
",2.202
4486.0,4896.910389939303,644.2329797044453,307.89479794219807,46.80173892439184,103439.96046875004,3932.6337082124437,-12.536720864749313,0.04127807839165218,0.0,3.6018850803375244,1.802525281906128,V2033 Cyg ,307.89446,46.79997,                 , ,16.7, ,15.9,LB        , ,0.0, ,312033, , ,84.47205,4.2773900000000005, , , ,  , ,0.0, ,  ,B ,0.0,0, ,0, ,0,   ,0, , ,73134,73134, ,           ,0.0,0.0,1983.4489999999998, , ,GSC      ,          ,"                     STAR
",6.422
4883.0,2944.0604388512897,707.9408671201525,312.33728334848195,46.804666420193605,92870.0034375,3936.812830315597,-12.419688654057634,0.046024981835028435,0.0,1.4524438381195068,1.2075306177139282,V2042 Cyg ,312.33513,46.80383,                 , ,17.5, ,16.5,LB        , ,0.0, ,312042, , ,86.33238,1.87173, , , ,  , ,0.0, ,  ,B ,0.0,0, ,0, ,0,   ,0, , ,73134,73134, ,           ,0.0,0.0,1983.4489999999998, , ,GSC      ,          ,"                     STAR
",6.101
4771.0,3509.484385381332,691.8826469494612,311.04997637820253,46.818454950976964,27407.64578125001,3925.723402862364,-11.094679331997018,0.15551499980599784,0.0,1.043304443359375,0.8471967577934265,V1204 Cyg ,311.04496,46.81772,                 , ,17.5, ,14.5,EA        , ,0.0, ,311204, , ,85.79053,2.5693799999999998, , , ,  , ,0.0, ,  ,p ,39355.51,2, ,0, ,0,   ,0, , ,03903,03903, ,           ,0.0,0.0,1952.5510000000002, , ,A2.0     ,          ,"               ALGOL STAR
",12.638
4238.0,4616.205359804727,614.3771821606307,308.52791817688734,46.87399649935328,88841.51531250004,3928.012317993988,-12.3715398935521,0.04800441743232984,0.0,2.4781672954559326,2.145000457763672,V508 Cyg  ,308.52479,46.87125,                 , ,13.8, ,13.3,RRC       , ,0.389766, ,310508, , ,84.78535,3.9718199999999997, , , ,  , ,0.0, ,  ,p ,28041.4,2, ,0, ,6,   ,50, , ,00612,02285, ,           ,0.0,0.0,1983.4489999999998, , ,GSC      ,          ,"                     STAR
",12.531
3711.0,3437.109226803622,544.4905417687587,311.2098318018588,47.051154428357975,124925.03546875002,3949.143742062165,-12.741623703549125,0.03432241041567257,0.0,3.3455181121826167,1.7626299858093262,V2039 Cyg ,311.20383,47.05297,                 , ,17.9, ,16.4,LB        , ,0.0, ,312039, , ,86.04264,2.63008, , , ,  , ,0.0, ,  ,B ,0.0,0, ,0, ,0,   ,0, , ,73134,73134, ,           ,0.0,0.0,1983.4489999999998, , ,GSC      ,          ,"                     STAR
",16.107
2736.0,4879.36086800198,419.0656245590757,307.9068906277377,47.15437099234902,180514.81968750004,3947.928580558101,-13.141282154722,0.02374546866086541,0.0,2.4312820434570312,2.242574691772461,V3008 Cyg ,307.90942,47.14989,A0               , ,10.38, ,10.03,EW        , ,0.743075, ,313008, , ,84.76187,4.47497, , , ,  , ,10.38, ,  ,V ,58277.095,3, ,0, ,6,   ,0, , ,82001,DM   , ,           ,-0.004,-0.005,2000.0, , ,Gaia DR2 ,          ,"                  STAR A0
",17.279
2659.0,4218.704663602678,411.1352531423641,309.4147249561265,47.2213984999102,59265.06000000003,3932.5424749772255,-11.931996821043684,0.07204419841694097,0.0,2.136903047561645,1.400410532951355,V509 Cyg  ,309.4105,47.21886,                 , ,13.7, ,13.1,EA        , ,1.609146, ,310509, ,Y,85.42655,3.69653, , , ,  , ,0.0, ,  ,p ,26214.44,2, ,0, ,6,   ,15, , ,00612,00492, ,           ,0.0,0.0,1983.4489999999998, , ,GSC      ,          ,"               ALGOL STAR
",13.792
2307.0,2667.0411574101568,354.7217438004867,312.97319663946615,47.35686160744747,176666.63,3947.441182272385,-13.11788631186132,0.02425970206001192,0.0,3.1162030696868896,2.0269825458526607,RZ Cyg    ,312.97163,47.35567,M7.0-M8.2ea      , ,14.1, ,9.8,SRA       , ,275.69, ,310018, ,Y,87.0343,1.88703, , , ,  , ,0.0, ,  ,V ,40100.0,0, ,0, ,2,   ,0, , ,00001,00002, ,           ,0.0,-0.002,2000.0, , ,AC       ,          ,"                 STAR M7e
",5.745
7863.0,1616.668080966886,2917.4961195960773,315.1886203401285,43.31132601770385,36382.02249999999,3926.8662585451007,-11.402217095269382,0.11718812136256347,0.0,1.2001646757125854,1.1318953037261963,V353 Cyg  ,315.18579,43.311859999999996,                 , ,14.9, ,14.1,E:        , ,0.0, ,310353, , ,84.96509,-1.91965, , , ,  , ,0.0, ,  ,p ,0.0,0, ,0, ,0,   ,0, , ,01242,01242, ,           ,0.0,0.0,1954.511, , ,A2.0     ,          ,"                     STAR
",7.659
7350.0,2201.5272316879928,2825.1551459072825,313.9383747976309,43.47786138088669,90957.16296875,3942.085711329569,-12.397092264691944,0.04705583418999899,0.0,1.6168217658996582,1.4396208524703982,V2563 Cyg ,313.93662,43.47456,                 , ,12.77, ,12.45,EW        , ,0.530922, ,312563, , ,84.49553,-1.12588, , , ,  , ,12.72, ,  ,w ,51504.898,3, ,0, ,6,   ,0, , ,80526,80526, ,           ,0.006999999999999999,-0.002,2000.0, , ,UCAC2    ,          ,"               W UMA STAR
",12.738
7108.0,1471.3010478744293,2784.784775418612,315.51058679526136,43.511863317587995,20490.6928125,3919.3022271588734,-10.778891606539723,0.20767127614248687,0.0,2.0072131156921387,1.1402345895767212,V1546 Cyg ,315.51038,43.51297,K:ea             , ,17.0, ,16.5,INB:      , ,0.0, ,311546, ,Y,85.27198,-1.9639900000000001, , , ,  , ,0.0, ,  ,p ,0.0,0, ,0, ,0,   ,0, , ,06859,02698, ,           ,0.0,0.0,1954.511, , ,A2.0     ,          ,"                  STAR K0
",4.02
7150.0,1690.4702248822284,2789.406954221886,315.03924485818425,43.51577718968425,48967.4146875,3920.163007093902,-11.724767938389846,0.0869203108336012,0.0,1.7052060365676882,1.1925655603408811,V1497 Cyg ,315.03533,43.51883,                 , ,18.0, ,16.0,UVN       , ,0.0, ,311497, ,Y,85.04908,-1.70117, , , ,  , ,0.0, ,  ,U ,0.0,0, ,0, ,0,   ,0, , ,07463,07463, ,           ,0.0,0.0,1954.511, , ,A2.0     ,          ,"             UV CETI TYPE
",15.008
6710.0,1798.9969815388336,2719.0359709968443,314.81029993768885,43.63097067828488,116861.82875000002,3926.046834762673,-12.669181695561571,0.0364759925090415,0.0,1.7435921430587769,1.5315091609954834,V1540 Cyg ,314.80929,43.629059999999996,                 , ,15.2, ,13.3,INS       , ,0.0, ,311540, ,Y,85.02476999999999,-1.50527, , , ,  , ,0.0, ,  ,p ,0.0,0, ,0, ,0,   ,0, , ,07754,07754, ,           ,0.0,0.0,1983.674, , ,GSC      ,          ,"                     STAR
",7.365
6262.0,806.3616798413823,2638.109575040512,316.9540759372005,43.6953513321295,148584.84,3938.369302452477,-12.929936252360015,0.028778374290275324,0.0,2.596545696258545,2.1952357292175293,V2058 Cyg ,316.94779,43.69842,                 , ,16.7, ,15.4,SR        , ,0.0, ,312058, , ,86.10622,-2.61428, , , ,  , ,0.0, ,  ,B ,0.0,0, ,0, ,0,   ,0, , ,73134,73134, ,           ,0.0,0.0,1983.674, , ,GSC      ,          ,"                     STAR
",19.742
6335.0,1569.0322253615286,2653.3385653760292,315.3105041161898,43.723246572929,201134.2603125,3947.7880959231456,-13.25871513170541,0.021310424478641336,0.0,2.661230087280273,2.290057897567749,V2200 Cyg ,315.30967000000004,43.721779999999995,                 ,(,0.04, ,7.12,ACV       , ,0.0, ,312200, , ,85.33272,-1.71695, , , ,  , ,0.0, ,  ,U ,0.0,0, ,0, ,0,   ,0, , ,75118,BD   , ,           ,0.006999999999999999,0.002,2000.0, , ,Hip      ,          ,"                     STAR
",5.708
5703.0,1900.6920578347476,2557.181402730959,314.6004309508925,43.88899023577995,51727.40828125001,3926.0534039645013,-11.784301798315926,0.08240618395805592,0.0,1.48842453956604,1.1951555013656616,V521 Cyg  ,314.59929,43.88647,K0:ea-K5e        , ,16.6, ,14.3,INSB      , ,0.0, ,310521, , ,85.12021999999999,-1.22214, , , ,  , ,0.0, ,  ,p ,0.0,0, ,0, ,0,   ,0, , ,00612,02373, ,           ,0.0,0.0,1954.511, , ,A2.0     ,          ,"                  STAR K0
",9.544
5383.0,2359.0135948942207,2509.6467979725703,313.6095728085833,43.97656231815674,33911.61234375,3915.468494617695,-11.325871097517087,0.1253601822320826,0.0,1.1752688884735107,0.9882621169090272,V348 Cyg  ,313.60796,43.97269,                 , ,15.9, ,14.8,INS:      , ,0.0, ,310348, ,Y,84.72261,-0.62288, , , ,  , ,0.0, ,  ,p ,0.0,0, ,0, ,0,   ,0, , ,07115,01242, ,           ,0.0,0.0,1983.674, , ,GSC      ,          ,"                     STAR
",14.553
4971.0,2094.6477345307785,2443.5892407333718,314.185889635849,44.07383059798494,24549.57281250001,3914.272792334804,-10.975109848399184,0.17311371234018674,0.0,1.5844265222549438,0.9205536246299744,V1927 Cyg ,314.18346,44.07053,                 , ,17.7, ,16.5,INT:      , ,0.0, ,311927, , ,85.06493,-0.87521, , , ,  , ,0.0, ,  ,U ,0.0,0, ,0, ,0,   ,0, , ,69116,69115, ,           ,0.0,0.0,1954.511, , ,A2.0     ,          ,"             T TAURI STAR
",13.442
4783.0,2528.3394233373833,2415.5871951703994,313.24438201358123,44.12675099062253,145482.45875000005,3929.690112305295,-12.907026580773394,0.029327293923054464,0.0,2.147820949554444,1.6588424444198608,V2561 Cyg ,313.24279,44.12219,G5V              , ,10.62, ,10.47,BY        , ,7.1663, ,312561, , ,84.66856,-0.3257, , , ,  , ,0.0, ,  ,w ,0.0,0, ,0, ,4,   ,0, , ,80170,80170, ,           ,-0.01,-0.01,2000.0, , ,Tyc2     ,          ,"                 STAR G5V
",16.927
4446.0,1342.0882219292944,2367.159007475657,315.82507360801463,44.158979098149814,22362.04453125,3922.31181410036,-10.873778769955427,0.1904385771599772,0.0,1.1331690549850464,0.7273054718971252,V2054 Cyg ,315.82437000000004,44.158390000000004,                 , ,16.3, ,15.3,LB:       , ,0.0, ,312054, , ,85.90556,-1.70544, , , ,  , ,0.0, ,  ,V ,0.0,0, ,0, ,0,   ,0, , ,73134,73134, ,           ,0.0,0.0,1990.6970000000001, , ,GCVS     ,          ,"                     STAR
",2.793
3865.0,369.4515936433097,2271.50656180425,317.94426085408537,44.227769682171676,64355.34640625,3933.1896221649736,-12.021461580831456,0.0663566682712896,0.0,2.238099336624145,1.2850946187973022,V2203 Cyg ,317.9485,44.23075,                 ,(,0.07, ,13.38,RPHS      , ,0.0, ,312203, , ,86.98722,-2.78077, , , ,  , ,0.0, ,  ,V ,0.0,0, ,0, ,0,   ,0, , ,75120,75121, ,           ,-0.027000000000000003,-0.023,2000.0, , ,UCAC2    ,          ,"                     STAR
",15.32
4247.0,2528.243978631493,2333.646690389425,313.24641347708723,44.25537424236383,84676.95187500001,3933.010747744658,-12.319413040713336,0.05042945061169537,0.0,1.460446834564209,1.1815156936645508,V2022 Cyg ,313.24512000000004,44.251059999999995,                 , ,12.15, ,11.88,INA       , ,0.0, ,312022, , ,84.76857,-0.24441999999999997, , , ,  , ,0.0, ,  ,V ,0.0,0, ,0, ,0,   ,0, , ,72028,72076, ,           ,-0.003,-0.002,2000.0, , ,UCAC2    ,          ,"                     STAR
",15.885
4143.0,1850.6531162703025,2319.1268639859404,314.72311714771575,44.26049462742315,118079.70828125006,3945.5243378771916,-12.680438178863405,0.03627887198183264,0.0,1.8758978843688965,1.584336519241333,V1057 Cyg ,314.72392,44.25789,B3-Ke(T)         , ,16.5, ,10.3,INT       , ,0.0, ,311057, ,Y,85.45983000000001,-1.04698, , , ,  , ,0.0, ,  ,B ,0.0,0, ,0, ,0,   ,0, , ,     ,06505, ,           ,0.0,0.0,1991.6, , ,Lit.     ,          ,"                  STAR B3
",9.602
3638.0,597.7674603935315,2250.560315339981,317.45271606479116,44.283179915985784,45190.2275,3922.4519732560143,-11.637611319235615,0.09424046645458957,0.0,1.9757976531982424,1.121981143951416,V359 Cyg  ,317.44712999999996,44.28583,                 , ,14.4, ,13.8,          , ,0.0, ,310359, , ,86.78234,-2.48062, , , ,  , ,0.0, ,  ,p ,0.0,0, ,0, ,0,   ,0, , ,01242,01242, ,           ,0.0,0.0,1983.674, , ,GSC      ,          ,"                     STAR
",17.27
3960.0,1806.5903683027825,2293.754635064894,314.82065133877916,44.29845720205215,28087.228125,3911.9484250977803,-11.121272204054504,0.1512197649897218,0.0,1.2767653465270996,0.8369746804237366,V2024 Cyg ,314.82178999999996,44.29622,                 , ,14.4, ,14.24,INA       , ,0.0, ,312024, , ,85.53471,-1.07482, , , ,  , ,0.0, ,  ,V ,0.0,0, ,0, ,0,   ,0, , ,72028,72076, ,           ,0.0,0.0,1954.511, , ,A2.0     ,          ,"                     STAR
",8.572
3367.0,478.55370790050483,2209.6461786098457,317.7167248113944,44.3355762693076,74498.57390625004,3928.9523408163473,-12.18036989829442,0.057260234384642776,0.0,3.261779308319092,2.2235033512115483,V2061 Cyg ,317.71567000000005,44.33814,                 , ,13.2, ,12.5,LB        , ,0.0, ,312061, , ,86.95168000000001,-2.58569, , , ,  , ,0.0, ,  ,R ,0.0,0, ,0, ,0,   ,0, , ,73134,73134, ,           ,0.0,0.0,1954.511, , ,A2.0     ,          ,"                     STAR
",9.621
3661.0,2424.82607597814,2246.491712494125,313.4742334600657,44.39074937482045,205725.95265625004,3945.6170461863453,-13.283222705226564,0.020823329394485102,0.0,3.160104513168335,2.889469861984253,V1794 Cyg ,313.47354,44.38642,                 ,(,0.17, ,7.23,FKCOM     , ,0.0, ,311794, , ,84.97726,-0.28286, , , ,  , ,0.0, ,  ,V ,0.0,0, ,0, ,0,   ,0, , ,67327,67326, ,           ,0.027000000000000003,-0.001,2000.0, , ,Hip      ,          ,"                     STAR
",15.688
3677.0,2470.8988885644994,2245.655319636837,313.37363090371053,44.39275327277216,32381.062968750004,3931.886950049399,-11.27572775294312,0.13183606785251387,0.0,2.7079992294311523,1.9322839975357056,V1535 Cyg ,313.37971,44.390609999999995,ea               , ,17.9, ,17.0,IN:       , ,0.0, ,311535, ,Y,84.9374,-0.22878, , , ,  , ,0.0, ,  ,B ,0.0,0, ,0, ,0,   ,0, , ,04771,07115, ,           ,0.0,0.0,1990.6970000000001, , ,GCVS     ,          ,"                     STAR
",17.438
3362.0,1480.1841102545816,2211.403750664127,315.5380327965873,44.41133973170347,169367.24546875007,3935.4895290127192,-13.072073560919232,0.02522862938031321,0.0,2.242314100265503,2.1269073486328125,V354 Cyg  ,315.5385,44.40994,M5               , ,13.1, ,11.4,SRB       , ,101.74, ,310354, , ,85.958,-1.38542, , , ,  , ,0.0, ,  ,p ,29534.0,0, ,0, ,2,   ,61, , ,09114,09114, ,           ,0.023,0.011000000000000001,2000.0, , ,Tyc2     ,          ,"                  STAR M5
",5.18
2584.0,1358.138168466889,2108.8185629501363,315.8132511376457,44.56482019345468,22306.91640625,3916.761098651059,-10.871098849476175,0.19063904901720025,0.0,2.011893510818481,0.8930624127388,V1611 Cyg ,315.81763,44.564640000000004,                 , ,16.2, ,14.6,UVN       , ,0.0, ,311611, ,Y,86.20594,-1.4317600000000001, , , ,  , ,0.0, ,  ,U ,0.0,0, ,0, ,0,   ,0, , ,07948,2MASS, ,           ,0.0,0.0,1999.4370000000001, , ,2MASS    ,          ,"             UV CETI TYPE
",11.25
2528.0,1784.8460134598101,2102.7847213673354,314.8804195141215,44.597010390732876,20307.598125,3913.730894954965,-10.769146400985713,0.2092457858471159,0.0,0.872420072555542,0.8231914639472961,V2025 Cyg ,314.88167000000004,44.59564,                 , ,13.91, ,13.78,INA       , ,0.0, ,312025, , ,85.78882,-0.9107299999999999, , , ,  , ,0.0, ,  ,V ,0.0,0, ,0, ,0,   ,0, , ,72028,72076, ,           ,0.0,0.0,1983.674, , ,GSC      ,          ,"                     STAR
",5.883
1903.0,2041.3973487539706,2024.0701286226547,314.3225803275312,44.73033924830265,50731.58468750001,3917.615793398774,-11.763196071143787,0.08384317835577748,0.0,2.005957126617432,1.7245652675628662,V1608 Cyg ,314.31971,44.72725,                 , ,17.3, ,14.8,UVN       , ,0.0, ,311608, ,Y,85.62722,-0.52218, , , ,  , ,0.0, ,  ,U ,0.0,0, ,0, ,0,   ,0, , ,07948,USNO , ,           ,0.0,0.0,1954.511, , ,A2.0     ,          ,"             UV CETI TYPE
",13.326
1713.0,1668.5794267455785,1995.9296313576056,315.1425896259898,44.759110241429774,180432.52531250005,3939.6537640143592,-13.140787068747985,0.023706505899608425,0.0,2.6637825965881348,2.36932635307312,CO Cyg    ,315.14354,44.758309999999994,K5               , ,10.6, ,9.6,LB        , ,0.0, ,310115, , ,86.03384,-0.9441299999999999, , , ,  , ,0.0, ,  ,p ,0.0,0, ,0, ,0,   ,0, , ,00104,01141, ,           ,0.005,-0.005,2000.0, , ,Tyc2     ,          ,"                  STAR K5
",3.768
1734.0,2233.177825346128,1994.9725996718164,313.9026484820352,44.7815102925225,88937.30609375003,3922.488907070835,-12.372709926388714,0.04788528465973217,0.0,2.003974199295044,1.7040578126907349,V3089 Cyg ,313.90312,44.779579999999996,M6               , ,13.15, ,12.86,SRB       , ,44.9, ,313089, , ,85.47507,-0.26313000000000003, , , ,  , ,0.0, ,  ,V ,0.0,0, ,0, ,1,   ,0, , ,82001,GSC  , ,           ,-0.004,-0.004,2000.0, , ,Gaia DR2 ,          ,"                  STAR M6
",7.053
1702.0,1974.784637619309,1984.8004910890809,314.47093904009665,44.78962892646266,177157.829375,3936.4791904536974,-13.120900876138446,0.02412525594511311,0.0,4.520044803619385,3.6924355030059814,V2141 Cyg ,314.47157999999996,44.788140000000006,                 , ,7.38, ,7.11,LB        , ,0.0, ,312141, , ,85.74369,-0.5643100000000001, , , ,  , ,0.0, ,  ,Hp,0.0,0, ,0, ,0,   ,0, , ,HIP  ,HIP  , ,           ,-0.012,-0.009000000000000001,2000.0, , ,Hip      ,          ,"                     STAR
",5.605
1501.0,1461.1679533279626,1968.277690259201,315.5998756580676,44.79126207123443,190025.15984375004,3943.6268944137896,-13.197027766301892,0.02253248201892642,0.0,5.568807601928711,4.6231117248535165,V1981 Cyg ,315.60083,44.79097,                 , ,8.1, ,7.5,SRB       , ,0.0, ,311981, , ,86.27289,-1.16622, , , ,  , ,0.0, ,  ,B ,0.0,0, ,0, ,0,   ,0, , ,71209,BD   , ,           ,-0.006,-0.004,2000.0, , ,Hip      ,          ,"                     STAR
",2.655
783.0,500.94160488463837,1895.2596737826293,317.71174841302457,44.829194532308186,80733.83093749997,3935.2711581843378,-12.267638902190285,0.05292287412062574,0.0,3.438122272491455,1.1797780990600586,V580 Cyg  ,317.70583,44.833079999999995,                 ,>,18.0, ,14.0,M         , ,523.0, ,310580, , ,87.30901999999999,-2.24284, , , ,  , ,0.0, ,  ,p ,28418.0,0, ,0, ,0,   ,0, , ,01262,02337, ,           ,0.0,0.0,1954.511, , ,A2.0     ,          ,"                     STAR
",20.591
1199.0,2407.274010131607,1945.444384729511,313.521434183433,44.862839545208566,26091.31875,3933.849757076394,-11.041240076188073,0.16369901216038812,0.0,1.2209506034851074,0.8821119070053101,V1925 Cyg ,313.52025,44.861470000000004,                 , ,15.9, ,15.3,LB        , ,0.0, ,311925, , ,85.36242,-0.0028, , , ,  , ,0.0, ,  ,V ,0.0,0, ,0, ,0,   ,0, , ,69112,69112, ,           ,0.0,0.0,1954.511, , ,A2.0     ,          ,"                     STAR
",5.783
89.0,1914.8851496013885,1822.5786362608148,314.6119921554124,45.04174032904221,116034.99890625002,3936.995248778725,-12.661472506242115,0.03683835325420561,0.0,2.0489342212677,1.6763343811035156,V349 Cyg  ,314.61307999999997,45.041140000000006,M4               , ,14.6, ,13.4,LB        , ,0.0, ,310349, , ,86.00075,-0.475, , , ,  , ,0.0, ,  ,p ,0.0,0, ,0, ,0,   ,0, , ,01243,01242, ,           ,0.0,0.0,1983.674, , ,GSC      ,          ,"                  STAR M4
",3.511
75.0,2286.470689796329,1823.4198223631452,313.79181448022683,45.05184961362118,89958.63109375002,3928.154514029936,-12.385107095317336,0.04741000971126035,0.0,2.7873809337615967,1.4968886375427246,V2023 Cyg ,313.79304,45.05072,                 , ,12.18, ,11.77,INA       , ,0.0, ,312023, , ,85.63154,-0.02837, , , ,  , ,0.0, ,  ,V ,0.0,0, ,0, ,0,   ,0, , ,72028,72076, ,           ,0.0,0.0,2000.0, , ,AC       ,          ,"                     STAR
",5.124
12927.0,4115.325282661457,1775.1853549519449,309.7509583458396,45.09461647987485,29720.14828125,3917.707331562843,-11.182627429744226,0.14312165098475202,0.0,1.0992169380187988,1.001266360282898,V1201 Cyg ,309.74421,45.09253,                 ,>,17.5, ,15.0,M:        , ,0.0, ,311201, , ,83.87165999999999,2.2256099999999996, , , ,  , ,0.0, ,  ,p ,0.0,0, ,0, ,0,   ,0, , ,03903,03903, ,           ,0.0,0.0,1953.4520000000002, , ,A2.0     ,          ,"                     STAR
",18.723
12463.0,4107.497032362879,1702.0277600911234,309.76311841315703,45.20968927826378,165108.38093750007,3940.4665083512,-13.044422796762822,0.02591211377315399,0.0,2.162933111190796,1.8662662506103518,V2555 Cyg ,309.75678999999997,45.207640000000005,                 , ,10.48, ,10.28,EB        , ,22.425, ,312555, , ,83.96857,2.28848, , , ,  , ,10.44, ,  ,w ,51421.72,3, ,0, ,3,   ,0, , ,80042,DM   , ,           ,0.003,0.005,2000.0, , ,Tyc2     ,          ,"            BETA LYR STAR
",17.665
12637.0,3834.9347931952175,1664.5132849604474,310.3639422733248,45.28273718002946,206956.30187500012,3948.525407272317,-13.289696638304482,0.02071479317731643,0.0,24.831823348999023,23.20236396789551,alf Cyg   ,310.358,45.28033,A2Iae            , ,1.29, ,1.21,ACYG      , ,0.0, ,319001, ,Y,84.28473000000001,1.99753, , , ,  , ,0.0, ,  ,V ,0.0,0, ,0, ,0,   ,0, , ,04766,BD   , ,           ,0.002,0.002,2000.0, , ,Hip      ,          ,"                 STAR A2I
",17.368
12236.0,2908.8338163476988,1664.0832887499128,312.41726363155016,45.307215357573526,106313.95328125,3930.2357700628163,-12.566475669195578,0.04013771604846555,0.0,2.002481460571289,1.6281994581222534,V3071 Cyg ,312.41442,45.306329999999996,M5:e             , ,12.58, ,12.34,LB        , ,0.0, ,313071, , ,85.20669000000001,0.88223, , , ,  , ,0.0, ,  ,V ,0.0,0, ,0, ,0,   ,0, , ,82001,GSC  , ,           ,-0.003,-0.004,2000.0, , ,Gaia DR2 ,          ,"                 STAR M5e
",7.874
12194.0,3320.441383072415,1659.4975133629346,311.50417128012015,45.30854892421445,170612.90671875008,3943.920574342079,-13.080029705189967,0.02509808571113852,0.0,1.9053157567977903,1.6919381618499756,BZ Cyg    ,311.49917,45.30697,F8Ib-G5Ib        , ,10.53, ,10.0,DCEP      , ,10.141932, ,310103, ,Y,84.80254000000001,1.38332, , , ,  , ,0.0, ,  ,V ,43774.037000000004,3, ,0, ,6,   ,50, , ,09029,00799, ,           ,-0.004,-0.005,2000.0, , ,Tyc2     ,          ,"                 STAR F8I
",13.88
11761.0,2832.014322881876,1593.134312744849,312.58802737629816,45.41872619417053,146123.1878125,3932.535285958984,-12.91179784544764,0.029219838414237524,0.0,4.166748046875,1.9653549194335933,DS Cyg    ,312.5885,45.416470000000004,"C3,2-C5,4(Nea:)  ", ,16.0, ,12.7,LB        , ,0.0, ,310141, , ,85.36941999999999,0.8574, , , ,  , ,0.0, ,  ,p ,0.0,0, ,0, ,0,   ,0, , ,00612,07115, ,           ,0.0,0.0,1991.25, , ,Tyc2     ,          ,"                     STAR
",8.21
11452.0,3295.4609197793266,1550.5096007245666,311.55712192361597,45.47999351052813,122007.7521875,3937.753717817749,-12.715968564910087,0.03504172235125956,0.0,1.9319051504135127,1.5944261550903318,V514 Cyg  ,311.55228999999997,45.47858,K3               , ,13.2, ,12.4,DCEP      , ,5.09891, ,310514, , ,84.95994,1.4613200000000002, , , ,  , ,0.0, ,  ,p ,36445.69,2, ,0, ,5,   ,24, , ,00001,02285, ,           ,0.0,0.0,1983.523, , ,GSC      ,          ,"                  STAR K3
",13.216
11168.0,537.9692807292763,3516.178035090865,317.416398400283,42.297749252758045,41824.1028125,3919.251802361327,-11.553566583723875,0.10174213650114372,0.0,3.827773809432984,1.518017292022705,V576 Cyg  ,317.41171,42.294309999999996,                 , ,14.2, ,12.7,IS:       , ,0.0, ,310576, , ,85.30084000000001,-3.8143, , , ,  , ,0.0, ,  ,p ,0.0,0, ,0, ,0,   ,0, , ,01262,02373, ,           ,0.0,0.0,1983.674, , ,GSC      ,          ,"                     STAR
",17.583
11316.0,2258.5745491340044,3563.2059510125,313.7888837860405,42.320621497941744,82989.10093750001,3927.2672885783445,-12.297552649207955,0.05137995511221465,0.0,3.662797212600708,2.013358354568481,V3088 Cyg ,313.78933,42.31961,                 , ,12.23, ,11.53,EA        , ,4.9468, ,313088, , ,83.54415,-1.78997, , , ,  , ,12.18, ,  ,V ,57716.703,3, ,0, ,5,   ,4, , ,82001,GSC  , ,           ,0.001,0.005,2000.0, , ,Gaia DR2 ,          ,"               ALGOL STAR
",3.83
10636.0,135.08490256132654,3414.9171154740948,318.27574594440915,42.41620207393913,24112.2815625,3925.303666159156,-10.955595765794644,0.17674993940212338,0.0,1.1568459272384644,0.9345537424087524,V2598 Cyg ,318.27812,42.420559999999995,                 , ,13.49, ,13.4,LB        , ,0.0, ,312598, , ,85.83134,-4.19613, , , ,  , ,0.0, ,  ,V ,0.0,0, ,0, ,0,   ,0, , ,80571,80571, ,           ,0.0,0.0,1998.7820000000002, , ,2MASS    ,          ,"                     STAR
",16.91
10669.0,176.30702327570518,3418.030183777723,318.18879574694836,42.41572063254164,136663.01890624998,3936.855463616394,-12.839127525304527,0.031276833659589894,0.0,3.0486443042755127,1.8857522010803225,V2589 Cyg ,318.18854,42.42136,                 , ,15.88, ,15.63,LB        , ,0.0, ,312589, , ,85.78644,-4.14746, , , ,  , ,0.0, ,  ,V ,0.0,0, ,0, ,0,   ,0, , ,80571,80571, ,           ,0.003,-0.005,2000.0, , ,UCAC2    ,          ,"                     STAR
",20.313
10484.0,167.52730800952128,3383.9297726963605,318.2122416610408,42.468067096838396,18222.695625,3924.5533867721824,-10.651531552952207,0.23383092091374885,0.0,1.5884581804275513,0.6445406675338745,V2592 Cyg ,318.21238,42.46978,                 , ,17.69, ,17.17,EA        , ,13.17,:,312592, , ,85.83386999999999,-4.12706, , , ,  , ,17.4, ,  ,V ,53616.4,1, ,0, ,2,   ,0, , ,80571,80571, ,           ,0.0,0.0,1998.7820000000002, , ,2MASS    ,          ,"               ALGOL STAR
",6.177
10381.0,87.17492606710941,3362.51608251248,318.38418176374125,42.492864948996,28627.629062500004,3925.878783032215,-11.141963453208804,0.1488935294265555,0.0,2.3296315670013428,1.064998745918274,V2612 Cyg ,318.38929,42.496970000000005,                 , ,14.03, ,13.94,EA        , ,4.1528, ,312612, , ,85.94351,-4.20324, , , ,  , ,14.02, ,  ,V ,0.0,0, ,0, ,4,   ,7, , ,80571,80571, ,           ,-0.005,0.001,2000.0, , ,UCAC2    ,          ,"               ALGOL STAR
",20.056
10461.0,1677.4931803703812,3374.2856182709966,315.0272436517663,42.59766105693088,162224.64984375006,3956.6102382397694,-13.025292113555768,0.0264807782782162,0.0,4.100454330444337,2.279025077819824,TX Cyg    ,315.02657999999997,42.597559999999994,F5-G6Ib          , ,10.02, ,8.59,DCEP      , ,14.7098, ,310031, ,Y,84.34999,-2.30172, , , ,  , ,0.0, ,  ,V ,43794.971,3, ,0, ,4,   ,37, , ,09029,09029, ,           ,0.001,-0.002,2000.0, , ,Hip      ,          ,"                 STAR F5I
",1.796
10358.0,1470.3805613285608,3355.538698886677,315.46717196019125,42.61678866565754,26710.88453125,3920.095679894976,-11.066720674815727,0.15934290011244082,0.0,2.367782592773437,1.5649611949920654,V1545 Cyg ,315.46871,42.621359999999996,                 , ,18.8, ,15.1,UV        , ,0.0, ,311545, , ,84.58252,-2.5308, , , ,  , ,0.0, ,  ,B ,0.0,0, ,0, ,0,   ,0, , ,07948,USNO , ,           ,0.0,0.0,1954.511, , ,A2.0     ,          ,"             UV CETI TYPE
",16.954
10326.0,1795.4876872053628,3349.7436551150176,314.7788090115648,42.641235563955405,39489.69640625,3930.0273477300707,-11.491209487316976,0.10805281796101056,0.0,1.2597116231918335,1.0785853862762451,V1496 Cyg ,314.77521,42.64222,                 , ,16.5, ,12.5,UV        , ,0.0, ,311496, , ,84.26235,-2.13278, , , ,  , ,0.0, ,  ,U ,0.0,0, ,0, ,0,   ,0, , ,07463,07463, ,           ,0.0,0.0,1992.7220000000002, , ,GCVS     ,          ,"             UV CETI TYPE
",10.168
10130.0,2241.944109593151,3303.99081859488,313.83353536547145,42.72713187073871,172589.87890625006,3927.6092555021633,-13.09253831008114,0.02470798168389812,0.0,2.705583333969116,2.3235371112823486,V2562 Cyg ,313.83075,42.7255,A2               , ,9.5, ,9.02,EB        , ,2.4931, ,312562, , ,83.87393,-1.55119, , ,:,  , ,9.4,:,  ,w ,51511.6,2, ,0, ,4,   ,0, , ,80011,DM   , ,           ,0.002,-0.002,2000.0, , ,Tyc2     ,          ,"                  STAR A2
",9.422
9975.0,1939.6797298827319,3273.8874394880554,314.4771263512681,42.765707840352256,49346.15421875,3931.2811412717297,-11.733133279208305,0.08649780988484289,0.0,1.7594668865203855,1.147657871246338,V1891 Cyg ,314.47342000000003,42.765190000000004,                 , ,15.0, ,12.6,SRA       , ,0.0, ,311891, , ,84.21055,-1.8845299999999998, , , ,  , ,0.0, ,  ,V ,0.0,0, ,0, ,0,   ,0, , ,68098,68102, ,           ,0.0,0.0,1983.674, , ,GSC      ,          ,"                     STAR
",9.971
9368.0,1140.9557184181165,3159.980840048641,316.1830290218706,42.90329217496182,25269.75171875,3914.364785213401,-11.006502437238794,0.1681839858673015,0.0,1.6956026554107666,0.9153618812561036,V780 Cyg  ,316.17671,42.90644,                 ,>,16.0, ,13.4,M         , ,319.0, ,310780, , ,85.14147,-2.7299700000000002, , , ,  , ,0.0, ,  ,V ,32143.0,0, ,0, ,0,   ,33, , ,02700,02700, ,           ,0.0,0.0,1999.4360000000001, , ,2MASS    ,          ,"                     STAR
",20.151
9340.0,2291.062988254563,3155.7554702092766,313.7342878017629,42.960896499589055,18360.289062500004,3927.338226657147,-10.659698786016603,0.2322432553483797,0.0,1.3453305959701538,0.7125231623649597,V2047 Cyg ,313.73283,42.95831,                 , ,18.0, ,14.5,UVN       , ,0.0, ,312047, , ,84.00543,-1.34608, , , ,  , ,0.0, ,  ,U ,0.0,0, ,0, ,0,   ,0, , ,73136,73136, ,           ,0.0,0.0,1954.511, , ,A2.0     ,          ,"             UV CETI TYPE
",10.072
9135.0,1580.0507367366013,3117.1149535958434,315.2523344030008,42.99639964342306,21750.37671875,3927.769804127879,-10.84366695845164,0.1960665755559597,0.0,1.2665139436721802,0.8027652502059937,V2052 Cyg ,315.24832999999995,42.996829999999996,                 , ,17.4, ,13.7,UVN       , ,0.0, ,312052, , ,84.75803,-2.16153, , , ,  , ,0.0, ,  ,U ,0.0,0, ,0, ,0,   ,0, , ,73136,73136, ,           ,0.0,0.0,1954.511, , ,A2.0     ,          ,"             UV CETI TYPE
",10.657
8894.0,2281.977705464229,3077.548252589817,313.7564130478812,43.08348535652904,21465.195937500004,3919.426546184722,-10.829337142845382,0.1982494506676507,0.0,1.0957093238830566,0.7079465985298157,V2048 Cyg ,313.75121,43.08133,                 , ,16.4, ,15.6,UVN       , ,0.0, ,312048, , ,84.10812,-1.27696, , , ,  , ,0.0, ,  ,U ,0.0,0, ,0, ,0,   ,0, , ,73136,73136, ,           ,0.0,0.0,1954.511, , ,A2.0     ,          ,"             UV CETI TYPE
",15.728
5364.0,2749.947360251613,3043.147456037375,312.75640985964617,43.142846493568925,86749.34390625,3936.0353912796886,-12.345665497159505,0.04926257577394539,0.0,1.6702646017074585,1.6204564571380615,V1662 Cyg ,312.75354,43.13997,                 , ,16.8, ,14.6,IS:       , ,0.0, ,311662, , ,83.68644,-0.68019, , , ,  , ,0.0, ,  ,p ,0.0,0, ,0, ,0,   ,0, , ,08507,07115, ,           ,0.0,0.0,1983.6729999999998, , ,GSC      ,          ,"                     STAR
",12.809
5171.0,3636.2950534161573,2996.5756000788483,310.85842844973223,43.20113464115625,55903.35703125001,3926.585193209393,-11.868594720806014,0.07626081744878903,0.0,1.5267651081085205,1.470272660255432,DG Cyg    ,310.85592,43.19747,M7e-M9.3         , ,17.45, ,12.6,M         , ,457.61, ,310130, ,Y,82.86308000000001,0.43373999999999996, , , ,  , ,0.0, ,  ,B ,34163.0,0, ,0, ,2,   ,40, , ,00799,00799, ,           ,0.0,0.0,1953.4520000000002, , ,A2.0     ,          ,"                 STAR M7e
",14.744
5214.0,3307.5871980630627,2992.812946127861,311.5621732546219,43.21636486958877,77338.31718750003,3929.313711029892,-12.220986794952458,0.0551628004210985,0.0,2.0806612968444824,1.4225505590438845,V3065 Cyg ,311.55813,43.21289,                 , ,13.69, ,12.95,DCEP      , ,5.9685, ,313065, , ,83.19336,0.04241, , , ,  , ,0.0, ,  ,V ,58001.262,3, ,0, ,4,   ,25, , ,82001,GSC  , ,           ,-0.002,-0.005,2000.0, , ,Gaia DR2 ,          ,"                     STAR
",16.402
5005.0,3134.00357920059,2957.857146939556,311.9336176742869,43.27436107625469,186815.1803125,3929.419774637536,-13.178530408563983,0.022837080508553504,0.0,2.7166049480438232,2.2775192260742188,V2134 Cyg ,311.93054,43.270109999999995,                 , ,8.49, ,8.32,EB        , ,0.0, ,312134, , ,83.40796999999999,-0.13314, , , ,  , ,0.0, ,  ,Hp,0.0,0, ,0, ,0,   ,0, , ,HIP  ,HIP  , ,           ,0.006,0.008,2000.0, , ,Hip      ,          ,"            BETA LYR STAR
",17.3
4466.0,3361.75616187336,2816.0998054621837,311.44186400593554,43.492578705823774,124532.70734375,3943.5880403946544,-12.738208574430598,0.034382102529007044,0.0,1.7558188438415527,1.693921446800232,V2040 Cyg ,311.43804,43.48833,                 , ,16.4, ,15.2,SRB       , ,0.0, ,312040, , ,83.35399,0.2826, , , ,  , ,0.0, ,  ,B ,0.0,0, ,0, ,0,   ,0, , ,73134,73134, ,           ,0.0,0.0,1983.671, , ,GSC      ,          ,"                     STAR
",18.267
4013.0,3060.9836578338104,2707.8458969726353,312.08828048019785,43.667866570207856,129176.37140625,3927.6148349101454,-12.777957702368429,0.03301187034582352,0.0,1.9098962545394893,1.628872275352478,V2020 Cyg ,312.08475,43.66342,                 , ,11.33, ,10.96,INA       , ,0.0, ,312020, , ,83.7841,0.02732, , , ,  , ,0.0, ,  ,V ,0.0,0, ,0, ,0,   ,0, , ,72028,72076, ,           ,0.002,-0.006,2000.0, , ,Tyc2     ,          ,"                     STAR
",18.46
3791.0,3170.152598701989,2655.162189633877,311.85193874801536,43.74909068375757,77678.8946875,3932.120990596233,-12.225757593146668,0.05496018111682443,0.0,1.4716393947601318,1.2441874742507937,V517 Cyg  ,311.84828999999996,43.74442,A5ea             , ,15.3, ,12.5,INSA      , ,0.0, ,310517, , ,83.7396,0.21116999999999997, , , ,  , ,0.0, ,  ,p ,0.0,0, ,0, ,0,   ,0, , ,07754,07115, ,           ,0.0,0.0,1953.4520000000002, , ,A2.0     ,          ,"                  STAR A5
",19.307
3746.0,3242.688358283229,2648.637491653324,311.69507321254576,43.7580603719664,88648.50328125,3930.7526538541256,-12.369178518703555,0.04814249886090514,0.0,1.7603439092636108,1.255089521408081,V2018 Cyg ,311.69017,43.753170000000004,                 , ,11.97, ,11.83,INA       , ,0.0, ,312018, , ,83.67481,0.30565, , , ,  , ,0.0, ,  ,V ,0.0,0, ,0, ,0,   ,0, , ,72028,72076, ,           ,-0.004,-0.004,2000.0, , ,Tyc2     ,          ,"                     STAR
",21.737
3724.0,3250.8455695959333,2637.462634919681,311.67723720066874,43.77544747755625,61375.54453125001,3932.810801708017,-11.969988395653145,0.06957160390982968,0.0,1.78244948387146,1.3797035217285156,V2017 Cyg ,311.67325,43.78031,                 , ,15.41, ,15.13,INA       , ,0.0, ,312017, , ,83.68831999999999,0.33216, , , ,  , ,0.0, ,  ,V ,0.0,0, ,0, ,0,   ,0, , ,72028,72076, ,           ,0.0,0.0,1953.4520000000002, , ,A2.0     ,          ,"                     STAR
",20.343
3648.0,3143.0007370290587,2626.100871197533,311.9102553878257,43.79513840127558,131278.55078125,3911.251521671964,-12.79548443444874,0.032347914855265905,0.0,1.7169427871704102,1.545206069946289,V1977 Cyg ,311.90612000000004,43.79025,                 , ,11.44, ,10.81,INA       , ,0.0, ,311977, , ,83.8015,0.20744, , , ,  , ,0.0, ,  ,V ,0.0,0, ,0, ,0,   ,0, , ,71204,71205, ,           ,-0.001,-0.004,2000.0, , ,Tyc2     ,          ,"                     STAR
",20.62
3656.0,3090.3668955970534,2626.211750719551,312.02409229718165,43.79568931088903,120833.37140625002,3929.318510747921,-12.705467232568825,0.03530649950005984,0.0,2.1618516445159908,1.575950026512146,V2019 Cyg ,312.01992,43.7905,                 , ,11.42, ,11.15,INA       , ,0.0, ,312019, , ,83.85334,0.14372000000000001, , , ,  , ,0.0, ,  ,V ,0.0,0, ,0, ,0,   ,0, , ,72028,72076, ,           ,-0.001,-0.004,2000.0, , ,Tyc2     ,          ,"                     STAR
",21.6
3046.0,3365.5145386604186,2482.0666645202928,311.4254694195637,44.01687641075529,104697.55890625,3938.314717795704,-12.549841389824984,0.040841170696935256,0.0,1.7949724197387695,1.5259858369827268,V2430 Cyg ,311.42967000000004,44.01236,                 , ,15.8, ,13.3,M:        , ,0.0, ,312430, , ,83.75981999999999,0.6142, , , ,  , ,0.0, ,  ,w ,0.0,0, ,0, ,0,   ,0, , ,78006,2MASS, ,           ,0.0,0.0,1998.9029999999998, , ,2MASS    ,          ,"                     STAR
",19.561
2619.0,2749.5344483465947,2373.5119456575603,312.7637446711098,44.194271649345005,29382.150781250013,3923.206605989704,-11.170208957723462,0.14497126104149916,0.0,0.9698953032493592,0.9267526865005492,V1598 Cyg ,312.76653999999996,44.19464,                 , ,15.5, ,13.8,UVN       , ,0.0, ,311598, ,Y,84.50616,-0.01649, , , ,  , ,0.0, ,  ,U ,0.0,0, ,0, ,0,   ,0, , ,07498,GSC  , ,           ,0.0,0.0,1983.674, , ,GSC      ,          ,"             UV CETI TYPE
",7.336
2497.0,2759.3398888082384,2341.3245176043765,312.7426893585901,44.2448164970504,18462.0684375,3927.351184441939,-10.665700891327717,0.2309636855796285,0.0,2.8477702140808105,1.6672791242599487,V1597 Cyg ,312.74342,44.245670000000004,                 , ,18.7, ,15.7,UVN       , ,0.0, ,311597, ,Y,84.53499000000001,0.02876, , , ,  , ,0.0, ,  ,U ,0.0,0, ,0, ,0,   ,0, , ,07753,USNO , ,           ,0.0,0.0,1954.511, , ,A2.0     ,          ,"             UV CETI TYPE
",3.604
2252.0,2770.4769031650294,2269.9165098058443,312.7190273730468,44.35692212328797,27246.133125000004,3928.4693444934774,-11.088262185647263,0.15654630244338585,0.0,10.372817993164062,4.7451205253601065,V1531 Cyg ,312.72362999999996,44.355140000000006,M0e              ,>,18.0, ,16.5,INSB      , ,0.0, ,311531, ,Y,84.61046999999999,0.10930999999999999, , , ,  , ,0.0, ,  ,p ,0.0,0, ,0, ,0,   ,0, , ,07115,02698, ,           ,0.0,0.0,1984.874, , ,GCVS     ,          ,"                 STAR M0e
",13.473
2252.0,2770.4769031650294,2269.9165098058443,312.7190273730468,44.35692212328797,27246.133125000004,3928.4693444934774,-11.088262185647263,0.15654630244338585,0.0,10.372817993164062,4.7451205253601065,V1532 Cyg ,312.72479,44.35519,M0e              ,>,18.0, ,16.5,INSB      , ,0.0, ,311532, ,Y,84.61104,0.1087, , , ,  , ,0.0, ,  ,p ,0.0,0, ,0, ,0,   ,0, , ,07115,02698, ,           ,0.0,0.0,1984.874, , ,GCVS     ,          ,"                 STAR M0e
",16.091
2123.0,2724.155479388773,2250.907239270432,312.82036670343183,44.386666603382146,26676.99109375001,3928.396905684781,-11.065342109487533,0.15988320167640802,0.0,3.0871713161468506,1.4069371223449707,V1702 Cyg ,312.81892,44.38283,K2e              , ,18.0, ,16.9,INB       , ,0.0, ,311702, ,Y,84.67518000000001,0.07438, , , ,  , ,0.0, ,  ,p ,0.0,0, ,0, ,0,   ,0, , ,07115,02698, ,           ,0.0,0.0,1993.486, , ,GCVS     ,          ,"                  STAR K2
",14.304
1970.0,2715.71511952413,2215.0731868076173,312.8392194899328,44.44288462907404,24399.87015625001,3930.8718874005876,-10.96846878812406,0.17491445229365382,0.0,1.481240153312683,1.3056740760803225,V1703 Cyg ,312.83754,44.43881,K7-M0e           , ,18.3, ,17.0,INSB      , ,0.0, ,311703, ,Y,84.7268,0.09977000000000001, , , ,  , ,0.0, ,  ,p ,0.0,0, ,0, ,0,   ,0, , ,07115,02698, ,           ,0.0,0.0,1953.4520000000002, , ,A2.0     ,          ,"                  STAR K7
",15.291
1845.0,3590.9190068268795,2182.089412560652,310.9249139126135,44.48098711604538,105447.73750000002,3941.1675506758147,-12.557593164745267,0.040579991569630894,0.0,1.5936659574508667,1.4576809406280518,V2429 Cyg ,310.91933,44.477109999999996,M3               , ,13.7, ,10.4,LC:       , ,0.0, ,312429, , ,83.89689,1.18941, , , ,  , ,0.0, ,  ,V ,0.0,0, ,0, ,0,   ,0, , ,78296,78296, ,           ,-0.013999999999999999,-0.004,2000.0, , ,UCAC2    ,          ,"                  STAR M3
",20.013
1508.0,2632.780088200615,2097.3797755564074,313.0224686337828,44.62716327815936,32930.45546875,3918.1170277275733,-11.29399434395232,0.12918258951869324,0.0,1.6406587362289429,1.1478948593139648,V1707 Cyg ,313.01599999999996,44.62478,K5ea             ,>,18.0, ,17.0,INSB      , ,0.0, ,311707, ,Y,84.95118000000001,0.12039000000000001, , , ,  , ,0.0, ,  ,p ,0.0,0, ,0, ,0,   ,0, , ,07115,02698, ,           ,0.0,0.0,1954.511, , ,A2.0     ,          ,"                  STAR K5
",18.663
1508.0,2632.780088200615,2097.3797755564074,313.0224686337828,44.62716327815936,32930.45546875,3918.1170277275733,-11.29399434395232,0.12918258951869324,0.0,1.6406587362289429,1.1478948593139648,V1493 Cyg ,313.0195,44.62514,A2e              ,>,17.9, ,16.8,INSA      , ,0.0, ,311493, ,Y,84.95305,0.11871, , , ,  , ,0.0, ,  ,p ,0.0,0, ,0, ,0,   ,0, , ,07115,07115, ,           ,0.0,0.0,1954.511, , ,A2.0     ,          ,"                  STAR A2
",10.531
750.0,3314.288839695706,1937.8827467195651,311.52430869314213,44.872076654721795,203665.955,3953.608463163747,-13.272296094943323,0.02107655080543544,0.0,2.775586128234864,2.449709415435791,RR Cyg    ,311.519,44.86936,M3III            , ,12.8, ,11.9,SRB       , ,235.0, ,310010, ,Y,84.46934,1.09919, , , ,  , ,0.0, ,  ,p ,0.0,0, ,0, ,0,   ,0, , ,00104,00103, ,           ,0.001,-0.001,2000.0, , ,Tyc2     ,          ,"               STAR M3III
",16.706
388.0,4319.080546450207,1880.1323327391246,309.3101690430953,44.917406445792665,144691.37265624994,3943.388977790075,-12.90110659180096,0.02959043171704886,0.0,2.380051851272583,1.7969526052474976,V2553 Cyg ,309.30454,44.914970000000004,                 , ,11.73, ,10.88,EA        , ,1.7163599999999999, ,312553, , ,83.54189000000001,2.36557, , , ,  , ,11.07, ,  ,w ,51341.882000000005,3, ,0, ,5,   ,15, , ,80013,GSC  , ,           ,0.002,0.001,2000.0, , ,Tyc2     ,          ,"               ALGOL STAR
",16.818
117.0,5070.88152162725,1832.4946777188325,307.6547094011653,44.92911074058016,120002.91562500002,3943.013674922394,-12.697979494795446,0.03567473907132116,0.0,3.6949193477630615,1.98797070980072,V506 Cyg  ,307.65767,44.92642,M7               ,>,17.4, ,13.6,M         , ,410.9, ,310506, , ,82.85597,3.3093, , , ,  , ,0.0, ,  ,p ,33862.0,0, ,0, ,1,   ,0, , ,01004,00492, ,           ,0.0,0.0,1983.671, , ,GSC      ,          ,"                  STAR M7
",12.279
